u_knowledge,detail_title
TI.GSO.DE.SOLMAN-SAPHR-DEV,Fehlerhafte Reports
TI.GSO.DE.SOLMAN-SAPHR-DEV,ABAP-Laufzeitfehler
TI.GSO.DE.SOLMAN-SAPHR-DEV,Schnittstelle â€“ Fehler
TI.GSO.DE.SOLMAN-SAPHR-DEV,Einzelfahrtversteuerung
TI.GSO.DE.SOLMAN-SAPHR-DEV,Teamkalender
TI.GSO.DE.SOLMAN-SAPHR-DEV,COCO
TI.GSO.DE.SOLMAN-SAPHR-DEV,Abbruch
TI.GSO.DE.SOLMAN-SAPHR-SYSTEM,BEM Vorgang
TI.GSO.DE.SOLMAN-SAPHR-SYSTEM,gPEP
TI.GSO.DE.SOLMAN-SAPHR-SYSTEM,aTB Kenner
TI.GSO.DE.SOLMAN-SAPHR-SYSTEM,Miles+
TI.GSO.DE.SOLMAN-SAPHR-SYSTEM,Fehlerhafte Workflows
TI.GSO.DE.SOLMAN-SAPHR-SYSTEM,BANST
TI.GSO.DE.SOLMAN-SAPHR-SYSTEM,Berechtigungen
TI.GSO.DE.SOLMAN-SAPHR-SYSTEM,Rollen
TI.GSO.DE.SOLMAN-SAPHR-SYSTEM,SbKz
TI.GSO.DE.SOLMAN-SAPHR-SYSTEM,Loeschung Abwesenheit
TI.GSO.DE.SOLMAN-SAPHR-SYSTEM,Urlaub im Status fehlerhaft
TI.GSO.DE.SOLMAN-SAPHR-SYSTEM,Aufgaben in MyPortal
TI.GSO.DE.SOLMAN-SAPHR-SYSTEM,fehlende Zugriff
TI.GSO.DE.SOLMAN-SAPHR-SYSTEM,Urlaubsantrag
TI.GSO.DE.SOLMAN-SAPHR-SYSTEM,LEMAN
TI.GSO.DE.SOLMAN-SAPHR-SYSTEM,Kein Benutzer mit SNC-Name
TI.GSO.DE.SOLMAN-SAPHR-SYSTEM,A1-Bescheinigung
TI.GSO.DE.SOLMAN-SAPHR-SYSTEM,Vertretung
TI.GSO.DE.SOLMAN-SAPHR-SYSTEM,Kachel fehlen
TI.GSO.DE.SOLMAN-SAPHR-EGA,Tarif
TI.GSO.DE.SOLMAN-SAPHR-EGA,AT
TI.GSO.DE.SOLMAN-SAPHR-EGA,Exec z.B. Variable
TI.GSO.DE.SOLMAN-SAPHR-EGA,STI
TI.GSO.DE.SOLMAN-SAPHR-EGA,Abschaege
TI.GSO.DE.SOLMAN-SAPHR-EGA,Simu-Fehlerliste
TI.GSO.DE.SOLMAN-SAPHR-EGA,Reisemanagement
TI.GSO.DE.SOLMAN-SAPHR-PYPB,Schriftarten
TI.GSO.DE.SOLMAN-SAPHR-PYPB,Benefit Budget
TI.GSO.DE.SOLMAN-SAPHR-PYPB,BavTel
TI.GSO.DE.SOLMAN-SAPHR-PYPB,Simu-Fehler
TI.GSO.DE.SOLMAN-SAPHR-PYPB,Bavpgr1
TI.GSO.DE.SOLMAN-SAPHR-PYPB,Abrechnung
TI.GSO.DE.SOLMAN-SAPHR-PYPB,ELSTER
TI.GSO.DE.SOLMAN-SAPHR-PYPB,Elstam
TI.GSO.DE.SOLMAN-SAPHR-PYPB,Gehalts und Elsterbescheinigung
TI.GSO.DE.SOLMAN-SAPHR-PYPB,Gutachterdatei
TI.GSO.DE.SOLMAN-SAPHR-PYPB,Brutto
TI.GSO.DE.SOLMAN-SAPHR-PYPB,BEA-Schnittstelle
TI.GSO.DE.SOLMAN-SAPHR-PYPB,DEUV-Meldung
TI.GSO.DE.SOLMAN-SAPHR-REORG,Fremdkreafte verwalten
TI.GSO.DE.SOLMAN-SAPHR-REORG,Externe Mitarbeiter
TI.GSO.DE.SOLMAN-SAPHR-REORG,Teamzuordnung
TI.GSO.DE.SOLMAN-SAPHR-REORG,Aenderung der Kostenstelle
TI.GSO.DE.SOLMAN-SAPHR-REORG,Fehler in Teamuebersicht
TI.GSO.DE.SOLMAN-SAPHR-REORG,Adressaenderung
TI.GSO.DE.SOLMAN-SAPHR-ZW,Rufbereitschaft
TI.GSO.DE.SOLMAN-SAPHR-ZW,falsche Berechnung
TI.GSO.DE.SOLMAN-SAPHR-ZW,Lohnart
TI.GSO.DE.SOLMAN-SAPHR-ZW,Kappung
TI.GSO.DE.SOLMAN-SAPHR-ZW,Arbeitzeitkonto
TI.GSO.DE.SOLMAN-SAPHR-ZW,Nulldurchlauf
TI.GSO.DE.SOLMAN-SAPHR-ZW,Gleitzeitkonto
TI.GSO.DE.SOLMAN-SAPHR-ZW,Lazko
TI.GSO.DE.SOLMAN-SAPHR-ZW,Buchung
TI.GSO.DE.SOLMAN-SAPHR-ZW,Zeiterffasung
TI.GSO.DE.SOLMAN-SAPHR-ZW,Reisezeiten
TI.GSO.DE.SOLMAN-SAPHR-ZW,Herbeirufung
TI.GSO.DE.SOLMAN-SAPHR-ZW,Urlaub
TI.GSO.DE.SOLMAN-SAPHR-ZW,Anrechnung
TI.GSO.DE.SOLMAN-SAPHR-ZW,Arbeitszeit
TI.GSO.DE.SOLMAN-SAPHR-ZW,AZK
TI.GSO.DE.SOLMAN-SAPHR-ZW,Abwesenheit
TI.GSO.DE.SOLMAN-SAPHR-ZW,Anwesenheit
TI.GSO.DE.SOLMAN-SAPHR-ZW,Ausgleich
TI.GSO.DE.SOLMAN-SAPHR-ZW,Rueckrechnung IT 2006 und 2012
TI.GSO.DE.SOLMAN-SAPHR-ZW,Pausenberechnung
TI.GSO.DE.SOLMAN-SAPHR-ZW,Ampelphasenuebersicht
TI.GSO.DE.SOLMAN-SAPHR-ZW,Kontingent
TI.GSO.DE.SOLMAN-SAPHR-ZW,Urlaub verschwunden
TI.GSO.DE.SOLMAN-SAPHR-ZW,EApp Krankmeldung
TI.GSO.DE.SOLMAN-SAPHR-ZW,Zeitkonto
TI.GSO.DE.SOLMAN-SAPHR-ZW,Zeitbuchung
TI.GSO.DE.SOLMAN-SAPHR-ZW,GLZ
TI.GSO.DE.SOLMAN-SAPHR-ZW,EZA-Kontingent
TI.GSO.DE.SOLMAN-SAPHR-ZW,Kommen/Gehen
TI.GSO.DE.SOLMAN-SAPHR-ZW,Feiertagabszug
TI.GSO.DE.SOLMAN-SAPHR-ZW,Saldoberechnung
TI.GSO.DE.SOLMAN-SAPHR-ZW,Sollzeit
TI.GSO.DE.SOLMAN-SAPHR-ZW,Krankheit mit/ohne Attest
